"table", 1,-1,0, 9, 13,"taxes","province", 1,0,0, 1,0,"budget_table_sys_1"
,"disability_grants","old_age_pensions","child_support","other_state_benefits","income_tax","employers_uif","employees_uif","vat","spirits","wine","beer","tobacco","petrol",
western_cape, 1.01886956674854E+09, 2.37373412250211E+09, 1.86354446850058E+09, 3.73626672135398E+07, 5.55820353041769E+10, 8.93443144580916E+08, 8.87953374186625E+08, 3.00114465240777E+10, 7.32340648025274E+08, 6.79370464269052E+08, 5.98789077343352E+08, 2.18151233563806E+09, 2.59507610059267E+09,
eastern_cape, 2.24433787414590E+09, 5.35651776285353E+09, 4.71926029729006E+09, 2.57634106036616E+08, 1.23634189692324E+10, 5.38099227766300E+08, 5.34285657482662E+08, 1.69202987398819E+10, 4.76685258655388E+08, 1.29617516129219E+08, 5.59524274324355E+08, 1.13554036831301E+09, 1.30792738308109E+09,
northern_cape, 4.94193035803462E+08, 6.30340959106156E+08, 6.66159840197550E+08, 3.71555483123511E+07, 2.10827568729311E+09, 1.03808454546034E+08, 1.03028114603031E+08, 2.87640165780905E+09, 3.80155281751998E+07, 3.87096173290168E+07, 8.26769605575148E+07, 3.02846311696869E+08, 2.35815485195687E+08,
free_state, 7.64408361496160E+08, 1.69603816447331E+09, 1.68902013968313E+09, 7.81443775524693E+07, 1.20817344156884E+10, 3.54335347030677E+08, 3.52120984783241E+08, 1.10390885398563E+10, 1.44183319777616E+08, 6.38701107253606E+07, 2.97007902313887E+08, 6.92814135800100E+08, 9.77599713552824E+08,
kwazulu_natal, 3.24651400145138E+09, 6.23811072376998E+09, 6.31157814691201E+09, 2.57834328692185E+08, 2.04311560047627E+10, 8.85953315170335E+08, 8.79825824521073E+08, 2.45802843026323E+10, 4.38643821665087E+08, 1.03821547029398E+08, 7.80185057213435E+08, 1.07171284085742E+09, 1.96156506810202E+09,
north_west, 7.02684979204420E+08, 1.95804905982165E+09, 1.66535497148350E+09, 5.92984520305727E+07, 8.38827813050934E+09, 4.12354777651156E+08, 4.09601280678658E+08, 1.00887835218686E+10, 1.00238211997242E+08, 6.89226163748268E+07, 5.68480462565510E+08, 5.57900192293939E+08, 8.83939272089198E+08,
gauteng, 1.42504324753918E+09, 3.84038031097472E+09, 3.12094180201905E+09, 2.07046572983105E+08, 7.44941396541854E+10, 2.08774147631147E+09, 2.07562376650126E+09, 5.58494091667366E+10, 7.87690488795485E+08, 4.11404371560106E+08, 2.72642117282005E+09, 2.80463277095841E+09, 5.11336358733358E+09,
mpumalanga, 4.88900556700131E+08, 1.99658584829044E+09, 2.08353068385455E+09, 1.78232909763128E+08, 7.54547272613635E+09, 3.14195486085881E+08, 3.11962006892366E+08, 9.65508105724695E+09, 5.39590425129810E+07, 3.20280486868383E+07, 3.75126776441516E+08, 4.59489435718080E+08, 5.57584522086133E+08,
limpopo, 1.13307386646760E+09, 4.36333554261757E+09, 3.77602658311301E+09, 3.09305594034985E+08, 7.71405570948007E+09, 3.04805506129731E+08, 3.02522653679380E+08, 1.00010886196878E+10, 3.96058079119937E+07, 3.43509501667213E+07, 5.24831509777681E+08, 4.10273715382628E+08, 6.41713730785226E+08,
, 1.15180254895568E+10, 2.84530924944094E+10, 2.58954169330534E+10, 1.42201455661895E+09, 2.00708566601465E+11, 5.89473673527255E+09, 5.85692366332831E+09, 1.71021882129798E+11, 2.81136212751626E+09, 1.56209524227054E+09, 6.51304319335730E+09, 9.61672210665847E+09, 1.42745848628184E+10,
"table", 2,-1,0, 9, 13,"taxes","tenure", 1,0,0, 1,0,"budget_table_sys_1"
,"disability_grants","old_age_pensions","child_support","other_state_benefits","income_tax","employers_uif","employees_uif","vat","spirits","wine","beer","tobacco","petrol",
owned_and_fully_paid_off, 1.00977739155138E+10, 2.47524783945015E+10, 2.22080171298245E+10, 1.30294438649579E+09, 7.63356886830219E+10, 2.19643843616056E+09, 2.17922341786644E+09, 7.71765238671517E+10, 1.28161648720221E+09, 5.16466618641958E+08, 3.01173540342925E+09, 4.26485369478495E+09, 4.83816681154869E+09,
owned_but_not_yet_fully_paid_off_eg_with_a_mortgage, 2.27202842616144E+08, 8.30888815229707E+08, 6.26696660778405E+08, 1.39703776769592E+07, 9.80840927816465E+10, 1.89273526478404E+09, 1.88573844380390E+09, 5.60665275447604E+10, 8.71625190635436E+08, 6.80283744029916E+08, 1.05293684311985E+09, 2.27176489998293E+09, 6.03051424719424E+09,
rented_as_part_of_employment_contract_of_household_member, 3.20312498476345E+07, 2.03563687336042E+08, 2.39859541283190E+08, 0.00000000000000E+00, 5.99340645927001E+09, 3.53509453070175E+08, 3.51024526428061E+08, 6.28914192056355E+09, 6.21237676177525E+07, 2.98989266155148E+07, 2.87447359220512E+08, 3.68502530192653E+08, 5.97568327584588E+08,
rented_not_as_part_of_employment_contract_of_household_member, 8.32004907131868E+08, 1.67108648666693E+09, 1.62556818304827E+09, 5.66106808370535E+07, 1.66206175105705E+10, 1.10215983519241E+09, 1.09412232233987E+09, 2.38951608383688E+10, 3.91541926161606E+08, 2.28850512647114E+08, 1.59615517046211E+09, 1.87025372609675E+09, 2.35296891437627E+09,
occupied_rent_free_as_part_of_employment_contract_of_household_member, 1.41265258136957E+08, 4.78608536395571E+08, 5.41192968385421E+08, 1.80999937628195E+07, 2.18062903970853E+09, 1.98806503462877E+08, 1.97037121913988E+08, 3.66592345297903E+09, 9.75212736177712E+07, 6.89670625487155E+07, 2.15274314430546E+08, 3.95893889165568E+08, 1.71594312530838E+08,
occupied_rent_free_not_as_part_of_employment_contract_of_household_member, 1.42911462784774E+08, 4.38185011187165E+08, 5.50764529409782E+08, 3.03891178463291E+07, 1.13284577726568E+09, 1.16356220330827E+08, 1.15328184017208E+08, 3.26468128435799E+09, 8.19979399959903E+07, 2.93368244800448E+07, 3.10701123434288E+08, 3.51004318770750E+08, 2.13716833388118E+08,
occupied_as_a_boarder_or_lodger, 5.79215586483081E+06, 2.74005798745310E+06, 4.08426562467357E+07, 0.00000000000000E+00, 6.23140100898250E+07, 1.26725093677183E+07, 1.25713341888560E+07, 2.36554261773342E+08, 7.21819198421143E+06, 1.79133644376787E+06, 1.82669368600779E+07, 4.38957292413231E+07, 1.24621084611726E+07,
other_tenure_type, 1.73928946325935E+07, 6.68801119408955E+07, 3.14283085370454E+07, 0.00000000000000E+00, 2.55145321102409E+08, 1.62540984202035E+07, 1.61115176190506E+07, 3.39884429370990E+08, 1.77173503012844E+07, 6.37057321703469E+06, 1.24556558959199E+07, 4.05795204385950E+07, 4.46259129456751E+07,
unspecified, 2.16508030282537E+07, 8.66139316417535E+06, 3.10469555401116E+07, 0.00000000000000E+00, 4.38270187894486E+07, 5.80441448370071E+06, 5.76679515092265E+06, 8.74845304713690E+07, 0.00000000000000E+00, 1.29643646472446E+05, 8.07038650475437E+06, 9.97379798499788E+06, 1.29673947888353E+07,
, 1.15180254895568E+10, 2.84530924944094E+10, 2.58954169330534E+10, 1.42201455661895E+09, 2.00708566601465E+11, 5.89473673527255E+09, 5.85692366332831E+09, 1.71021882129798E+11, 2.81136212751626E+09, 1.56209524227054E+09, 6.51304319335730E+09, 9.61672210665847E+09, 1.42745848628184E+10,
"table", 3,-1,0, 9, 13,"taxes","tenure", 1,0,0, 1,0,"budget_table_sys_1"
,"disability_grants","old_age_pensions","child_support","other_state_benefits","income_tax","employers_uif","employees_uif","vat","spirits","wine","beer","tobacco","petrol",
owned_and_fully_paid_off, 1.00977739155138E+10, 2.47524783945015E+10, 2.22080171298245E+10, 1.30294438649579E+09, 7.63356886830219E+10, 2.19643843616056E+09, 2.17922341786644E+09, 7.71765238671517E+10, 1.28161648720221E+09, 5.16466618641958E+08, 3.01173540342925E+09, 4.26485369478495E+09, 4.83816681154869E+09,
owned_but_not_yet_fully_paid_off_eg_with_a_mortgage, 2.27202842616144E+08, 8.30888815229707E+08, 6.26696660778405E+08, 1.39703776769592E+07, 9.80840927816465E+10, 1.89273526478404E+09, 1.88573844380390E+09, 5.60665275447604E+10, 8.71625190635436E+08, 6.80283744029916E+08, 1.05293684311985E+09, 2.27176489998293E+09, 6.03051424719424E+09,
rented_as_part_of_employment_contract_of_household_member, 3.20312498476345E+07, 2.03563687336042E+08, 2.39859541283190E+08, 0.00000000000000E+00, 5.99340645927001E+09, 3.53509453070175E+08, 3.51024526428061E+08, 6.28914192056355E+09, 6.21237676177525E+07, 2.98989266155148E+07, 2.87447359220512E+08, 3.68502530192653E+08, 5.97568327584588E+08,
rented_not_as_part_of_employment_contract_of_household_member, 8.32004907131868E+08, 1.67108648666693E+09, 1.62556818304827E+09, 5.66106808370535E+07, 1.66206175105705E+10, 1.10215983519241E+09, 1.09412232233987E+09, 2.38951608383688E+10, 3.91541926161606E+08, 2.28850512647114E+08, 1.59615517046211E+09, 1.87025372609675E+09, 2.35296891437627E+09,
occupied_rent_free_as_part_of_employment_contract_of_household_member, 1.41265258136957E+08, 4.78608536395571E+08, 5.41192968385421E+08, 1.80999937628195E+07, 2.18062903970853E+09, 1.98806503462877E+08, 1.97037121913988E+08, 3.66592345297903E+09, 9.75212736177712E+07, 6.89670625487155E+07, 2.15274314430546E+08, 3.95893889165568E+08, 1.71594312530838E+08,
occupied_rent_free_not_as_part_of_employment_contract_of_household_member, 1.42911462784774E+08, 4.38185011187165E+08, 5.50764529409782E+08, 3.03891178463291E+07, 1.13284577726568E+09, 1.16356220330827E+08, 1.15328184017208E+08, 3.26468128435799E+09, 8.19979399959903E+07, 2.93368244800448E+07, 3.10701123434288E+08, 3.51004318770750E+08, 2.13716833388118E+08,
occupied_as_a_boarder_or_lodger, 5.79215586483081E+06, 2.74005798745310E+06, 4.08426562467357E+07, 0.00000000000000E+00, 6.23140100898250E+07, 1.26725093677183E+07, 1.25713341888560E+07, 2.36554261773342E+08, 7.21819198421143E+06, 1.79133644376787E+06, 1.82669368600779E+07, 4.38957292413231E+07, 1.24621084611726E+07,
other_tenure_type, 1.73928946325935E+07, 6.68801119408955E+07, 3.14283085370454E+07, 0.00000000000000E+00, 2.55145321102409E+08, 1.62540984202035E+07, 1.61115176190506E+07, 3.39884429370990E+08, 1.77173503012844E+07, 6.37057321703469E+06, 1.24556558959199E+07, 4.05795204385950E+07, 4.46259129456751E+07,
unspecified, 2.16508030282537E+07, 8.66139316417535E+06, 3.10469555401116E+07, 0.00000000000000E+00, 4.38270187894486E+07, 5.80441448370071E+06, 5.76679515092265E+06, 8.74845304713690E+07, 0.00000000000000E+00, 1.29643646472446E+05, 8.07038650475437E+06, 9.97379798499788E+06, 1.29673947888353E+07,
, 1.15180254895568E+10, 2.84530924944094E+10, 2.58954169330534E+10, 1.42201455661895E+09, 2.00708566601465E+11, 5.89473673527255E+09, 5.85692366332831E+09, 1.71021882129798E+11, 2.81136212751626E+09, 1.56209524227054E+09, 6.51304319335730E+09, 9.61672210665847E+09, 1.42745848628184E+10,
"table", 4,-1,0, 5, 13,"taxes","race", 1,0,0, 1,0,"budget_table_sys_1"
,"disability_grants","old_age_pensions","child_support","other_state_benefits","income_tax","employers_uif","employees_uif","vat","spirits","wine","beer","tobacco","petrol",
african_or_black, 9.34018245350570E+09, 2.30005295330719E+10, 2.34976118364403E+10, 1.35981189614121E+09, 3.58026281109912E+10, 2.93841070160320E+09, 2.91459147203857E+09, 7.91593439975523E+10, 1.21997211253265E+09, 3.61233763303772E+08, 4.76748962718474E+09, 4.28106474847934E+09, 4.05599881364290E+09,
coloured, 1.51320847803347E+09, 2.32268434807799E+09, 1.85100524790353E+09, 5.48628408579307E+07, 1.08787159238827E+10, 6.52161388180456E+08, 6.47566119286350E+08, 1.44306760229216E+10, 3.88504307345847E+08, 1.81791466693369E+08, 4.45351398597581E+08, 2.05276805287643E+09, 1.12599012342142E+09,
indian_or_asian, 3.10634055489490E+08, 8.36793004069969E+08, 2.58826250314741E+08, 7.33981961980984E+06, 8.18296557927210E+09, 2.87491265809720E+08, 2.85899849612597E+08, 7.36664813922780E+09, 3.50047596177235E+07, 2.58974084196394E+07, 1.04704259881140E+08, 4.17900749360407E+08, 1.01911520451895E+09,
white, 3.52939777443340E+08, 2.27611906270244E+09, 2.82141451953099E+08, 0.00000000000000E+00, 1.44947292724423E+11, 2.01164472566569E+09, 2.00387489142454E+09, 6.97574505186895E+10, 1.15448952552455E+09, 9.91656538257536E+08, 1.17717311180320E+09, 2.85194186654069E+09, 8.03211245540824E+09,
other_population_group, 1.06072508478397E+06, 1.69665464871943E+07, 5.83214644176594E+06, 0.00000000000000E+00, 8.96964262895014E+08, 5.02865401344141E+06, 4.99133096624191E+06, 3.07763451406097E+08, 1.33914224954938E+07, 1.51606559622197E+06, 1.83247958906405E+07, 1.30466894016570E+07, 4.13682658268783E+07,
, 1.15180254895568E+10, 2.84530924944094E+10, 2.58954169330534E+10, 1.42201455661895E+09, 2.00708566601465E+11, 5.89473673527255E+09, 5.85692366332831E+09, 1.71021882129798E+11, 2.81136212751626E+09, 1.56209524227054E+09, 6.51304319335730E+09, 9.61672210665847E+09, 1.42745848628184E+10,
"table", 5,-1,0, 9, 13,"taxes","province", 1,0,0, 2,0,"budget_table_sys_2"
,"disability_grants","old_age_pensions","child_support","other_state_benefits","income_tax","employers_uif","employees_uif","vat","spirits","wine","beer","tobacco","petrol",
western_cape, 1.01886956674854E+09, 2.37373412250211E+09, 1.86021003074988E+09, 3.73626672135398E+07, 5.55820353041769E+10, 8.93443144580916E+08, 8.87953374186625E+08, 3.00114465240777E+10, 7.32340648025274E+08, 6.79370464269052E+08, 5.98789077343352E+08, 2.18151233563806E+09, 2.59507610059267E+09,
eastern_cape, 2.24433787414590E+09, 5.35651776285353E+09, 4.71926029729006E+09, 2.57634106036616E+08, 1.23634189692324E+10, 5.38099227766300E+08, 5.34285657482662E+08, 1.69202987398819E+10, 4.76685258655388E+08, 1.29617516129219E+08, 5.59524274324355E+08, 1.13554036831301E+09, 1.30792738308109E+09,
northern_cape, 4.94193035803462E+08, 6.30340959106156E+08, 6.66159840197550E+08, 3.71555483123511E+07, 2.10827568729311E+09, 1.03808454546034E+08, 1.03028114603031E+08, 2.87640165780905E+09, 3.80155281751998E+07, 3.87096173290168E+07, 8.26769605575148E+07, 3.02846311696869E+08, 2.35815485195687E+08,
free_state, 7.64408361496160E+08, 1.69603816447331E+09, 1.68902013968313E+09, 7.81443775524693E+07, 1.20817344156884E+10, 3.54335347030677E+08, 3.52120984783241E+08, 1.10390885398563E+10, 1.44183319777616E+08, 6.38701107253606E+07, 2.97007902313887E+08, 6.92814135800100E+08, 9.77599713552824E+08,
kwazulu_natal, 3.24651400145138E+09, 6.23811072376998E+09, 6.31157814691201E+09, 2.57834328692185E+08, 2.04311560047627E+10, 8.85953315170335E+08, 8.79825824521073E+08, 2.45802843026323E+10, 4.38643821665087E+08, 1.03821547029398E+08, 7.80185057213435E+08, 1.07171284085742E+09, 1.96156506810202E+09,
north_west, 7.02684979204420E+08, 1.95804905982165E+09, 1.66535497148350E+09, 5.92984520305727E+07, 8.38827813050934E+09, 4.12354777651156E+08, 4.09601280678658E+08, 1.00887835218686E+10, 1.00238211997242E+08, 6.89226163748268E+07, 5.68480462565510E+08, 5.57900192293939E+08, 8.83939272089198E+08,
gauteng, 1.42504324753918E+09, 3.84038031097472E+09, 3.12094180201905E+09, 2.07046572983105E+08, 7.44941396541854E+10, 2.08774147631147E+09, 2.07562376650126E+09, 5.58494091667366E+10, 7.87690488795485E+08, 4.11404371560106E+08, 2.72642117282005E+09, 2.80463277095841E+09, 5.11336358733358E+09,
mpumalanga, 4.88900556700131E+08, 1.99658584829044E+09, 2.08353068385455E+09, 1.78232909763128E+08, 7.54547272613635E+09, 3.14195486085881E+08, 3.11962006892366E+08, 9.65508105724695E+09, 5.39590425129810E+07, 3.20280486868383E+07, 3.75126776441516E+08, 4.59489435718080E+08, 5.57584522086133E+08,
limpopo, 1.13307386646760E+09, 4.36333554261757E+09, 3.77602658311301E+09, 3.09305594034985E+08, 7.71405570948007E+09, 3.04805506129731E+08, 3.02522653679380E+08, 1.00010886196878E+10, 3.96058079119937E+07, 3.43509501667213E+07, 5.24831509777681E+08, 4.10273715382628E+08, 6.41713730785226E+08,
, 1.15180254895568E+10, 2.84530924944094E+10, 2.58920824953027E+10, 1.42201455661895E+09, 2.00708566601465E+11, 5.89473673527255E+09, 5.85692366332831E+09, 1.71021882129798E+11, 2.81136212751626E+09, 1.56209524227054E+09, 6.51304319335730E+09, 9.61672210665847E+09, 1.42745848628184E+10,
"table", 6,-1,0, 5, 13,"taxes","race", 1,0,0, 2,0,"budget_table_sys_2"
,"disability_grants","old_age_pensions","child_support","other_state_benefits","income_tax","employers_uif","employees_uif","vat","spirits","wine","beer","tobacco","petrol",
african_or_black, 9.34018245350570E+09, 2.30005295330719E+10, 2.34942773986896E+10, 1.35981189614121E+09, 3.58026281109912E+10, 2.93841070160320E+09, 2.91459147203857E+09, 7.91593439975523E+10, 1.21997211253265E+09, 3.61233763303772E+08, 4.76748962718474E+09, 4.28106474847934E+09, 4.05599881364290E+09,
coloured, 1.51320847803347E+09, 2.32268434807799E+09, 1.85100524790353E+09, 5.48628408579307E+07, 1.08787159238827E+10, 6.52161388180456E+08, 6.47566119286350E+08, 1.44306760229216E+10, 3.88504307345847E+08, 1.81791466693369E+08, 4.45351398597581E+08, 2.05276805287643E+09, 1.12599012342142E+09,
indian_or_asian, 3.10634055489490E+08, 8.36793004069969E+08, 2.58826250314741E+08, 7.33981961980984E+06, 8.18296557927210E+09, 2.87491265809720E+08, 2.85899849612597E+08, 7.36664813922780E+09, 3.50047596177235E+07, 2.58974084196394E+07, 1.04704259881140E+08, 4.17900749360407E+08, 1.01911520451895E+09,
white, 3.52939777443340E+08, 2.27611906270244E+09, 2.82141451953099E+08, 0.00000000000000E+00, 1.44947292724423E+11, 2.01164472566569E+09, 2.00387489142454E+09, 6.97574505186895E+10, 1.15448952552455E+09, 9.91656538257536E+08, 1.17717311180320E+09, 2.85194186654069E+09, 8.03211245540824E+09,
other_population_group, 1.06072508478397E+06, 1.69665464871943E+07, 5.83214644176594E+06, 0.00000000000000E+00, 8.96964262895014E+08, 5.02865401344141E+06, 4.99133096624191E+06, 3.07763451406097E+08, 1.33914224954938E+07, 1.51606559622197E+06, 1.83247958906405E+07, 1.30466894016570E+07, 4.13682658268783E+07,
, 1.15180254895568E+10, 2.84530924944094E+10, 2.58920824953027E+10, 1.42201455661895E+09, 2.00708566601465E+11, 5.89473673527255E+09, 5.85692366332831E+09, 1.71021882129798E+11, 2.81136212751626E+09, 1.56209524227054E+09, 6.51304319335730E+09, 9.61672210665847E+09, 1.42745848628184E+10,
"table", 7,-1,0, 9, 13,"taxes","tenure", 1,0,0, 2,0,"budget_table_sys_2"
,"disability_grants","old_age_pensions","child_support","other_state_benefits","income_tax","employers_uif","employees_uif","vat","spirits","wine","beer","tobacco","petrol",
owned_and_fully_paid_off, 1.00977739155138E+10, 2.47524783945015E+10, 2.22080171298245E+10, 1.30294438649579E+09, 7.63356886830219E+10, 2.19643843616056E+09, 2.17922341786644E+09, 7.71765238671517E+10, 1.28161648720221E+09, 5.16466618641958E+08, 3.01173540342925E+09, 4.26485369478495E+09, 4.83816681154869E+09,
owned_but_not_yet_fully_paid_off_eg_with_a_mortgage, 2.27202842616144E+08, 8.30888815229707E+08, 6.26696660778405E+08, 1.39703776769592E+07, 9.80840927816465E+10, 1.89273526478404E+09, 1.88573844380390E+09, 5.60665275447604E+10, 8.71625190635436E+08, 6.80283744029916E+08, 1.05293684311985E+09, 2.27176489998293E+09, 6.03051424719424E+09,
rented_as_part_of_employment_contract_of_household_member, 3.20312498476345E+07, 2.03563687336042E+08, 2.39859541283190E+08, 0.00000000000000E+00, 5.99340645927001E+09, 3.53509453070175E+08, 3.51024526428061E+08, 6.28914192056355E+09, 6.21237676177525E+07, 2.98989266155148E+07, 2.87447359220512E+08, 3.68502530192653E+08, 5.97568327584588E+08,
rented_not_as_part_of_employment_contract_of_household_member, 8.32004907131868E+08, 1.67108648666693E+09, 1.62223374529757E+09, 5.66106808370535E+07, 1.66206175105705E+10, 1.10215983519241E+09, 1.09412232233987E+09, 2.38951608383688E+10, 3.91541926161606E+08, 2.28850512647114E+08, 1.59615517046211E+09, 1.87025372609675E+09, 2.35296891437627E+09,
occupied_rent_free_as_part_of_employment_contract_of_household_member, 1.41265258136957E+08, 4.78608536395571E+08, 5.41192968385421E+08, 1.80999937628195E+07, 2.18062903970853E+09, 1.98806503462877E+08, 1.97037121913988E+08, 3.66592345297903E+09, 9.75212736177712E+07, 6.89670625487155E+07, 2.15274314430546E+08, 3.95893889165568E+08, 1.71594312530838E+08,
occupied_rent_free_not_as_part_of_employment_contract_of_household_member, 1.42911462784774E+08, 4.38185011187165E+08, 5.50764529409782E+08, 3.03891178463291E+07, 1.13284577726568E+09, 1.16356220330827E+08, 1.15328184017208E+08, 3.26468128435799E+09, 8.19979399959903E+07, 2.93368244800448E+07, 3.10701123434288E+08, 3.51004318770750E+08, 2.13716833388118E+08,
occupied_as_a_boarder_or_lodger, 5.79215586483081E+06, 2.74005798745310E+06, 4.08426562467357E+07, 0.00000000000000E+00, 6.23140100898250E+07, 1.26725093677183E+07, 1.25713341888560E+07, 2.36554261773342E+08, 7.21819198421143E+06, 1.79133644376787E+06, 1.82669368600779E+07, 4.38957292413231E+07, 1.24621084611726E+07,
other_tenure_type, 1.73928946325935E+07, 6.68801119408955E+07, 3.14283085370454E+07, 0.00000000000000E+00, 2.55145321102409E+08, 1.62540984202035E+07, 1.61115176190506E+07, 3.39884429370990E+08, 1.77173503012844E+07, 6.37057321703469E+06, 1.24556558959199E+07, 4.05795204385950E+07, 4.46259129456751E+07,
unspecified, 2.16508030282537E+07, 8.66139316417535E+06, 3.10469555401116E+07, 0.00000000000000E+00, 4.38270187894486E+07, 5.80441448370071E+06, 5.76679515092265E+06, 8.74845304713690E+07, 0.00000000000000E+00, 1.29643646472446E+05, 8.07038650475437E+06, 9.97379798499788E+06, 1.29673947888353E+07,
, 1.15180254895568E+10, 2.84530924944094E+10, 2.58920824953027E+10, 1.42201455661895E+09, 2.00708566601465E+11, 5.89473673527255E+09, 5.85692366332831E+09, 1.71021882129798E+11, 2.81136212751626E+09, 1.56209524227054E+09, 6.51304319335730E+09, 9.61672210665847E+09, 1.42745848628184E+10,
"table", 8,-1,0, 2, 13,"taxes","location", 1,0,0, 1,0,"budget_table_sys_1"
,"disability_grants","old_age_pensions","child_support","other_state_benefits","income_tax","employers_uif","employees_uif","vat","spirits","wine","beer","tobacco","petrol",
urban, 6.23078835104822E+09, 1.31188694338613E+10, 1.11289136476877E+10, 4.96002715839108E+08, 1.82400480304354E+11, 5.10512139890499E+09, 5.07392322315206E+09, 1.40587028502415E+11, 2.49873576444090E+09, 1.39288679969078E+09, 4.97540406763998E+09, 8.07530512538979E+09, 1.28618176239546E+10,
rural, 5.28723713850856E+09, 1.53342230605481E+10, 1.47665032853657E+10, 9.26011840779843E+08, 1.83080862971107E+10, 7.89615336367538E+08, 7.83000440176223E+08, 3.04348536273823E+10, 3.12626363075364E+08, 1.69208442579760E+08, 1.53763912571732E+09, 1.54141698126874E+09, 1.41276723886383E+09,
, 1.15180254895568E+10, 2.84530924944094E+10, 2.58954169330534E+10, 1.42201455661895E+09, 2.00708566601465E+11, 5.89473673527255E+09, 5.85692366332831E+09, 1.71021882129798E+11, 2.81136212751626E+09, 1.56209524227054E+09, 6.51304319335730E+09, 9.61672210665847E+09, 1.42745848628184E+10,
"table", 9,-1,0, 2, 13,"taxes","location", 1,0,0, 2,0,"budget_table_sys_2"
,"disability_grants","old_age_pensions","child_support","other_state_benefits","income_tax","employers_uif","employees_uif","vat","spirits","wine","beer","tobacco","petrol",
urban, 6.23078835104822E+09, 1.31188694338613E+10, 1.11255792099370E+10, 4.96002715839108E+08, 1.82400480304354E+11, 5.10512139890499E+09, 5.07392322315206E+09, 1.40587028502415E+11, 2.49873576444090E+09, 1.39288679969078E+09, 4.97540406763998E+09, 8.07530512538979E+09, 1.28618176239546E+10,
rural, 5.28723713850856E+09, 1.53342230605481E+10, 1.47665032853657E+10, 9.26011840779843E+08, 1.83080862971107E+10, 7.89615336367538E+08, 7.83000440176223E+08, 3.04348536273823E+10, 3.12626363075364E+08, 1.69208442579760E+08, 1.53763912571732E+09, 1.54141698126874E+09, 1.41276723886383E+09,
, 1.15180254895568E+10, 2.84530924944094E+10, 2.58920824953027E+10, 1.42201455661895E+09, 2.00708566601465E+11, 5.89473673527255E+09, 5.85692366332831E+09, 1.71021882129798E+11, 2.81136212751626E+09, 1.56209524227054E+09, 6.51304319335730E+09, 9.61672210665847E+09, 1.42745848628184E+10,
"table", 10,-1,0, 5, 5,"poverty_status","race", 1,0,0, 1,0,"poverty_status_sys_1"
,"population","people_in_poverty","poverty_rate","poverty_gap_total","poverty_gap_per_poor_person",
"african_or_black", 3.95692672224926E+07, 2.18216817681920E+07, 5.51480563071630E+01, 4.21042603160172E+11, 1.92946908323948E+04,
"coloured", 4.37953070347446E+06, 1.41805176297710E+06, 3.23790802939708E+01, 2.57089157921900E+10, 1.81297442472875E+04,
"indian_or_asian", 1.23435808568476E+06, 2.56521019101229E+05, 2.07817344153358E+01, 4.92396221746512E+09, 1.91951608282127E+04,
"white", 4.60158779802680E+06, 3.35304912170019E+05, 7.28672203785398E+00, 1.00505435252502E+10, 2.99743402511027E+04,
"other_population_group", 5.14862112981876E+04, 7.18601337541151E+03, 1.39571609450790E+01, 1.22861144568465E+08, 1.70972607689349E+04,
"totals", 4.98362300209768E+07, 2.38387454758158E+07, 4.78341669620309E+01, 4.61848885839646E+11, 1.93738754544860E+04,
"table", 11,-1,0, 9, 5,"poverty_status","province", 1,0,0, 1,0,"poverty_status_sys_1"
,"population","people_in_poverty","poverty_rate","poverty_gap_total","poverty_gap_per_poor_person",
"western_cape", 4.99046891260836E+06, 1.37741271653509E+06, 2.76008675869131E+01, 2.70618409849903E+10, 1.96468644874028E+04,
"eastern_cape", 7.20781806102466E+06, 4.44525838442305E+06, 6.16727329517403E+01, 8.48093033172830E+10, 1.90785992585874E+04,
"northern_cape", 1.19712604578251E+06, 6.62580189012128E+05, 5.53475710721026E+01, 1.18332066660561E+10, 1.78592823363747E+04,
"free_state", 3.11147155640961E+06, 1.44036023519030E+06, 4.62919300105177E+01, 2.12586645151207E+10, 1.47592692409423E+04,
"kwazulu_natal", 1.04415910646866E+07, 6.01142963518249E+06, 5.75719696159442E+01, 1.37429056480525E+11, 2.28612933729122E+04,
"north_west", 3.46658867211610E+06, 1.77439609870771E+06, 5.11856544441015E+01, 3.21263759137816E+10, 1.81055266843627E+04,
"gauteng", 1.00760961599612E+07, 2.84502118378545E+06, 2.82353516542503E+01, 5.03152410848665E+10, 1.76853660604099E+04,
"mpumalanga", 3.69478223683092E+06, 1.97158588674487E+06, 5.33613555649205E+01, 3.54249412390825E+10, 1.79677393093789E+04,
"limpopo", 5.65028731155711E+06, 3.31070114623463E+06, 5.85935008908823E+01, 6.15902556379402E+10, 1.86033872939540E+04,
"totals", 4.98362300209768E+07, 2.38387454758158E+07, 4.78341669620309E+01, 4.61848885839646E+11, 1.93738754544860E+04,
"table", 12,-1,0, 9, 5,"poverty_status","tenure", 1,0,0, 1,0,"poverty_status_sys_1"
,"population","people_in_poverty","poverty_rate","poverty_gap_total","poverty_gap_per_poor_person",
"owned_and_fully_paid_off", 3.61677449698025E+07, 2.03503231455404E+07, 5.62664970197382E+01, 3.99663625974342E+11, 1.96391783617414E+04,
"owned_but_not_yet_fully_paid_off_eg_with_a_mortgage", 4.64581616444131E+06, 4.50541898658230E+05, 9.69779867973771E+00, 1.01233621836703E+10, 2.24693024418350E+04,
"rented_as_part_of_employment_contract_of_household_member", 1.10995841457866E+06, 2.04205682953466E+05, 1.83975976281042E+01, 4.26005898148790E+09, 2.08616083542527E+04,
"rented_not_as_part_of_employment_contract_of_household_member", 5.11854147063262E+06, 1.49241053897973E+06, 2.91569492509216E+01, 2.70830754411868E+10, 1.81472019486688E+04,
"occupied_rent_free_as_part_of_employment_contract_of_household_member", 1.30347582987073E+06, 5.82476095395549E+05, 4.46863748484936E+01, 8.81975650719602E+09, 1.51418342776911E+04,
"occupied_rent_free_not_as_part_of_employment_contract_of_household_member", 1.24024906949387E+06, 6.38857031492687E+05, 5.15103818423663E+01, 9.92697140984159E+09, 1.55386431086894E+04,
"occupied_as_a_boarder_or_lodger", 7.83424819764614E+04, 4.59833716122217E+04, 5.86953214298697E+01, 3.46370945839634E+08, 7.53252607835250E+03,
"other_tenure_type", 1.06281568986294E+05, 3.97748414594840E+04, 3.74240254814203E+01, 9.36561494767255E+08, 2.35465802100372E+04,
"unspecified", 6.58200511945765E+04, 3.41728697239676E+04, 5.19186313346159E+01, 6.89102901312990E+08, 2.01652043530216E+04,
"totals", 4.98362300209768E+07, 2.38387454758158E+07, 4.78341669620309E+01, 4.61848885839646E+11, 1.93738754544860E+04,
"table", 13,-1,0, 2, 5,"poverty_status","location", 1,0,0, 1,0,"poverty_status_sys_1"
,"population","people_in_poverty","poverty_rate","poverty_gap_total","poverty_gap_per_poor_person",
"urban", 2.93940000597150E+07, 1.01959832478867E+07, 3.46872940980239E+01, 1.83820460740437E+11, 1.80287134915152E+04,
"rural", 2.04422299612622E+07, 1.36427622279290E+07, 6.67381310834578E+01, 2.78028425099209E+11, 2.03791886462727E+04,
"totals", 4.98362300209768E+07, 2.38387454758158E+07, 4.78341669620309E+01, 4.61848885839646E+11, 1.93738754544860E+04,
"table", 14,-1,0, 5, 5,"poverty_status","race", 1,0,0, 2,0,"poverty_status_sys_2"
,"population","people_in_poverty","poverty_rate","poverty_gap_total","poverty_gap_per_poor_person",
"african_or_black", 3.95692672224926E+07, 2.18216817681920E+07, 5.51480563071630E+01, 4.21085950850931E+11, 1.92966772828994E+04,
"coloured", 4.37953070347446E+06, 1.41805176297710E+06, 3.23790802939708E+01, 2.57089157921900E+10, 1.81297442472875E+04,
"indian_or_asian", 1.23435808568476E+06, 2.56521019101229E+05, 2.07817344153358E+01, 4.92396221746512E+09, 1.91951608282127E+04,
"white", 4.60158779802680E+06, 3.35304912170019E+05, 7.28672203785398E+00, 1.00505435252502E+10, 2.99743402511027E+04,
"other_population_group", 5.14862112981876E+04, 7.18601337541151E+03, 1.39571609450790E+01, 1.22861144568465E+08, 1.70972607689349E+04,
"totals", 4.98362300209768E+07, 2.38387454758158E+07, 4.78341669620309E+01, 4.61892233530405E+11, 1.93756938257926E+04,
"table", 15,-1,0, 9, 5,"poverty_status","province", 1,0,0, 2,0,"poverty_status_sys_2"
,"population","people_in_poverty","poverty_rate","poverty_gap_total","poverty_gap_per_poor_person",
"western_cape", 4.99046891260836E+06, 1.37741271653509E+06, 2.76008675869131E+01, 2.71051886757494E+10, 1.96783348595278E+04,
"eastern_cape", 7.20781806102466E+06, 4.44525838442305E+06, 6.16727329517403E+01, 8.48093033172830E+10, 1.90785992585874E+04,
"northern_cape", 1.19712604578251E+06, 6.62580189012128E+05, 5.53475710721026E+01, 1.18332066660561E+10, 1.78592823363747E+04,
"free_state", 3.11147155640961E+06, 1.44036023519030E+06, 4.62919300105177E+01, 2.12586645151207E+10, 1.47592692409423E+04,
"kwazulu_natal", 1.04415910646866E+07, 6.01142963518249E+06, 5.75719696159442E+01, 1.37429056480525E+11, 2.28612933729122E+04,
"north_west", 3.46658867211610E+06, 1.77439609870771E+06, 5.11856544441015E+01, 3.21263759137816E+10, 1.81055266843627E+04,
"gauteng", 1.00760961599612E+07, 2.84502118378545E+06, 2.82353516542503E+01, 5.03152410848665E+10, 1.76853660604099E+04,
"mpumalanga", 3.69478223683092E+06, 1.97158588674487E+06, 5.33613555649205E+01, 3.54249412390825E+10, 1.79677393093789E+04,
"limpopo", 5.65028731155711E+06, 3.31070114623463E+06, 5.85935008908823E+01, 6.15902556379402E+10, 1.86033872939540E+04,
"totals", 4.98362300209768E+07, 2.38387454758158E+07, 4.78341669620309E+01, 4.61892233530405E+11, 1.93756938257926E+04,
"table", 16,-1,0, 9, 5,"poverty_status","tenure", 1,0,0, 2,0,"poverty_status_sys_2"
,"population","people_in_poverty","poverty_rate","poverty_gap_total","poverty_gap_per_poor_person",
"owned_and_fully_paid_off", 3.61677449698025E+07, 2.03503231455404E+07, 5.62664970197382E+01, 3.99663625974342E+11, 1.96391783617414E+04,
"owned_but_not_yet_fully_paid_off_eg_with_a_mortgage", 4.64581616444131E+06, 4.50541898658230E+05, 9.69779867973771E+00, 1.01233621836703E+10, 2.24693024418350E+04,
"rented_as_part_of_employment_contract_of_household_member", 1.10995841457866E+06, 2.04205682953466E+05, 1.83975976281042E+01, 4.26005898148790E+09, 2.08616083542527E+04,
"rented_not_as_part_of_employment_contract_of_household_member", 5.11854147063262E+06, 1.49241053897973E+06, 2.91569492509216E+01, 2.71264231319459E+10, 1.81762473685630E+04,
"occupied_rent_free_as_part_of_employment_contract_of_household_member", 1.30347582987073E+06, 5.82476095395549E+05, 4.46863748484936E+01, 8.81975650719602E+09, 1.51418342776911E+04,
"occupied_rent_free_not_as_part_of_employment_contract_of_household_member", 1.24024906949387E+06, 6.38857031492687E+05, 5.15103818423663E+01, 9.92697140984159E+09, 1.55386431086894E+04,
"occupied_as_a_boarder_or_lodger", 7.83424819764614E+04, 4.59833716122217E+04, 5.86953214298697E+01, 3.46370945839634E+08, 7.53252607835250E+03,
"other_tenure_type", 1.06281568986294E+05, 3.97748414594840E+04, 3.74240254814203E+01, 9.36561494767255E+08, 2.35465802100372E+04,
"unspecified", 6.58200511945765E+04, 3.41728697239676E+04, 5.19186313346159E+01, 6.89102901312990E+08, 2.01652043530216E+04,
"totals", 4.98362300209768E+07, 2.38387454758158E+07, 4.78341669620309E+01, 4.61892233530405E+11, 1.93756938257926E+04,
"table", 17,-1,0, 2, 5,"poverty_status","location", 1,0,0, 2,0,"poverty_status_sys_2"
,"population","people_in_poverty","poverty_rate","poverty_gap_total","poverty_gap_per_poor_person",
"urban", 2.93940000597150E+07, 1.01959832478867E+07, 3.46872940980239E+01, 1.83863808431197E+11, 1.80329649393359E+04,
"rural", 2.04422299612622E+07, 1.36427622279290E+07, 6.67381310834578E+01, 2.78028425099209E+11, 2.03791886462727E+04,
"totals", 4.98362300209768E+07, 2.38387454758158E+07, 4.78341669620309E+01, 4.61892233530405E+11, 1.93756938257926E+04,
"table", 4, 18,0, 5, 7,"change_income","race", 2,0,0, 0,0,"gain_lose_by_race"
,"&lt; -50","-49.99 -10","-9.99 -1"," - ","1 9.99","10 49.9"," &ge; 50","total"
"african_or_black", 0.00000000000000E+00, 1.15779088565885E+03, 0.00000000000000E+00, 1.00588413348275E+07, 0.00000000000000E+00, 0.00000000000000E+00, 0.00000000000000E+00, 1.00599991257132E+07, 4.02611307656526E+11, 4.02607973218775E+11
"coloured", 0.00000000000000E+00, 0.00000000000000E+00, 0.00000000000000E+00, 1.01561154058590E+06, 0.00000000000000E+00, 0.00000000000000E+00, 0.00000000000000E+00, 1.01561154058590E+06, 8.42684378489232E+10, 8.42684378489232E+10
"indian_or_asian", 0.00000000000000E+00, 0.00000000000000E+00, 0.00000000000000E+00, 3.26681127772250E+05, 0.00000000000000E+00, 0.00000000000000E+00, 0.00000000000000E+00, 3.26681127772250E+05, 4.57190964410171E+10, 4.57190964410171E+10
"white", 0.00000000000000E+00, 0.00000000000000E+00, 0.00000000000000E+00, 1.67928617906533E+06, 0.00000000000000E+00, 0.00000000000000E+00, 0.00000000000000E+00, 1.67928617906533E+06, 5.05966622457775E+11, 5.05966622457775E+11
"other_population_group", 0.00000000000000E+00, 0.00000000000000E+00, 0.00000000000000E+00, 1.88035686093032E+04, 0.00000000000000E+00, 0.00000000000000E+00, 0.00000000000000E+00, 1.88035686093032E+04, 3.09679773339149E+09, 3.09679773339149E+09
"totals", 0.00000000000000E+00, 1.15779088565885E+03, 0.00000000000000E+00, 1.30992237508603E+07, 0.00000000000000E+00, 0.00000000000000E+00, 0.00000000000000E+00, 1.31003815417460E+07, 1.04166226213763E+12, 1.04165892769988E+12
"table", 4, 19,0, 9, 7,"change_income","province", 2,0,0, 0,0,"gain_lose_by_province"
,"&lt; -50","-49.99 -10","-9.99 -1"," - ","1 9.99","10 49.9"," &ge; 50","total"
"western_cape", 0.00000000000000E+00, 1.15779088565885E+03, 0.00000000000000E+00, 1.33599363469301E+06, 0.00000000000000E+00, 0.00000000000000E+00, 0.00000000000000E+00, 1.33715142557867E+06, 2.03468231886848E+11, 2.03464897449097E+11
"eastern_cape", 0.00000000000000E+00, 0.00000000000000E+00, 0.00000000000000E+00, 1.81273538525438E+06, 0.00000000000000E+00, 0.00000000000000E+00, 0.00000000000000E+00, 1.81273538525438E+06, 9.06776283432691E+10, 9.06776283432691E+10
"northern_cape", 0.00000000000000E+00, 0.00000000000000E+00, 0.00000000000000E+00, 3.08440249141656E+05, 0.00000000000000E+00, 0.00000000000000E+00, 0.00000000000000E+00, 3.08440249141656E+05, 1.66637961136208E+10, 1.66637961136208E+10
"free_state", 0.00000000000000E+00, 0.00000000000000E+00, 0.00000000000000E+00, 9.45547806203502E+05, 0.00000000000000E+00, 0.00000000000000E+00, 0.00000000000000E+00, 9.45547806203502E+05, 6.41392466648498E+10, 6.41392466648498E+10
"kwazulu_natal", 0.00000000000000E+00, 0.00000000000000E+00, 0.00000000000000E+00, 2.32866689553700E+06, 0.00000000000000E+00, 0.00000000000000E+00, 0.00000000000000E+00, 2.32866689553700E+06, 1.44742157719291E+11, 1.44742157719291E+11
"north_west", 0.00000000000000E+00, 0.00000000000000E+00, 0.00000000000000E+00, 9.54299668065621E+05, 0.00000000000000E+00, 0.00000000000000E+00, 0.00000000000000E+00, 9.54299668065621E+05, 5.79088096939284E+10, 5.79088096939284E+10
"gauteng", 0.00000000000000E+00, 0.00000000000000E+00, 0.00000000000000E+00, 3.12082390411925E+06, 0.00000000000000E+00, 0.00000000000000E+00, 0.00000000000000E+00, 3.12082390411925E+06, 3.57218393356832E+11, 3.57218393356832E+11
"mpumalanga", 0.00000000000000E+00, 0.00000000000000E+00, 0.00000000000000E+00, 9.25099248460391E+05, 0.00000000000000E+00, 0.00000000000000E+00, 0.00000000000000E+00, 9.25099248460391E+05, 5.01421791903547E+10, 5.01421791903547E+10
"limpopo", 0.00000000000000E+00, 0.00000000000000E+00, 0.00000000000000E+00, 1.36761695938556E+06, 0.00000000000000E+00, 0.00000000000000E+00, 0.00000000000000E+00, 1.36761695938556E+06, 5.67018191686366E+10, 5.67018191686366E+10
"totals", 0.00000000000000E+00, 1.15779088565885E+03, 0.00000000000000E+00, 1.30992237508603E+07, 0.00000000000000E+00, 0.00000000000000E+00, 0.00000000000000E+00, 1.31003815417460E+07, 1.04166226213763E+12, 1.04165892769988E+12
"table", 4, 21,0, 9, 7,"change_income","tenure", 2,0,0, 0,0,"gain_lose_by_tenure"
,"&lt; -50","-49.99 -10","-9.99 -1"," - ","1 9.99","10 49.9"," &ge; 50","total"
"owned_and_fully_paid_off", 0.00000000000000E+00, 0.00000000000000E+00, 0.00000000000000E+00, 8.22321131925018E+06, 0.00000000000000E+00, 0.00000000000000E+00, 0.00000000000000E+00, 8.22321131925018E+06, 4.67003002822040E+11, 4.67003002822040E+11
"owned_but_not_yet_fully_paid_off_eg_with_a_mortgage", 0.00000000000000E+00, 0.00000000000000E+00, 0.00000000000000E+00, 1.30977963278197E+06, 0.00000000000000E+00, 0.00000000000000E+00, 0.00000000000000E+00, 1.30977963278197E+06, 3.81793611595947E+11, 3.81793611595947E+11
"rented_as_part_of_employment_contract_of_household_member", 0.00000000000000E+00, 0.00000000000000E+00, 0.00000000000000E+00, 4.48229757399636E+05, 0.00000000000000E+00, 0.00000000000000E+00, 0.00000000000000E+00, 4.48229757399636E+05, 3.58356419234311E+10, 3.58356419234311E+10
"rented_not_as_part_of_employment_contract_of_household_member", 0.00000000000000E+00, 1.15779088565885E+03, 0.00000000000000E+00, 1.96447803017720E+06, 0.00000000000000E+00, 0.00000000000000E+00, 0.00000000000000E+00, 1.96563582106286E+06, 1.20225276053002E+11, 1.20221941615251E+11
"occupied_rent_free_as_part_of_employment_contract_of_household_member", 0.00000000000000E+00, 0.00000000000000E+00, 0.00000000000000E+00, 5.67222236392390E+05, 0.00000000000000E+00, 0.00000000000000E+00, 0.00000000000000E+00, 5.67222236392390E+05, 1.99102807047842E+10, 1.99102807047842E+10
"occupied_rent_free_not_as_part_of_employment_contract_of_household_member", 0.00000000000000E+00, 0.00000000000000E+00, 0.00000000000000E+00, 4.86034430685789E+05, 0.00000000000000E+00, 0.00000000000000E+00, 0.00000000000000E+00, 4.86034430685789E+05, 1.30876758417540E+10, 1.30876758417540E+10
"occupied_as_a_boarder_or_lodger", 0.00000000000000E+00, 0.00000000000000E+00, 0.00000000000000E+00, 4.01829854283710E+04, 0.00000000000000E+00, 0.00000000000000E+00, 0.00000000000000E+00, 4.01829854283710E+04, 1.09480080015533E+09, 1.09480080015533E+09
"other_tenure_type", 0.00000000000000E+00, 0.00000000000000E+00, 0.00000000000000E+00, 4.20797896526687E+04, 0.00000000000000E+00, 0.00000000000000E+00, 0.00000000000000E+00, 4.20797896526687E+04, 2.09204576179057E+09, 2.09204576179057E+09
"unspecified", 0.00000000000000E+00, 0.00000000000000E+00, 0.00000000000000E+00, 1.80055690922380E+04, 0.00000000000000E+00, 0.00000000000000E+00, 0.00000000000000E+00, 1.80055690922380E+04, 6.19926634727488E+08, 6.19926634727488E+08
"totals", 0.00000000000000E+00, 1.15779088565885E+03, 0.00000000000000E+00, 1.30992237508603E+07, 0.00000000000000E+00, 0.00000000000000E+00, 0.00000000000000E+00, 1.31003815417460E+07, 1.04166226213763E+12, 1.04165892769988E+12
"table", 4, 22,0, 2, 7,"change_income","location", 2,0,0, 0,0,"gain_lose_by_location"
,"&lt; -50","-49.99 -10","-9.99 -1"," - ","1 9.99","10 49.9"," &ge; 50","total"
"urban", 0.00000000000000E+00, 1.15779088565885E+03, 0.00000000000000E+00, 8.52993296889192E+06, 0.00000000000000E+00, 0.00000000000000E+00, 0.00000000000000E+00, 8.53109075977758E+06, 8.85800039333508E+11, 8.85796704895757E+11
"rural", 0.00000000000000E+00, 0.00000000000000E+00, 0.00000000000000E+00, 4.56929078196846E+06, 0.00000000000000E+00, 0.00000000000000E+00, 0.00000000000000E+00, 4.56929078196846E+06, 1.55862222804123E+11, 1.55862222804123E+11
"totals", 0.00000000000000E+00, 1.15779088565885E+03, 0.00000000000000E+00, 1.30992237508603E+07, 0.00000000000000E+00, 0.00000000000000E+00, 0.00000000000000E+00, 1.31003815417460E+07, 1.04166226213763E+12, 1.04165892769988E+12
"lorenz","no_breakdown","no_breakdown", 7.30894297593822E+01,2009, 1, 21
0.0,0.0
 5.00018770972694E-02, 3.18198090474770E-03
 1.00015314879931E-01, 9.28501324390542E-03
 1.50005188838327E-01, 1.65402221414963E-02
 2.00002795041103E-01, 2.50896209289979E-02
 2.50059369695049E-01, 3.43054745523750E-02
 3.00019451937009E-01, 4.50433240998718E-02
 3.50048986145906E-01, 5.67951178455015E-02
 4.00027137398771E-01, 7.07958880362547E-02
 4.50054004405281E-01, 8.58824090566121E-02
 5.00015072436378E-01, 1.03352539607312E-01
 5.50321643502539E-01, 1.24476823532500E-01
 6.00072435405123E-01, 1.48322448934143E-01
 6.50062130364843E-01, 1.76503275386709E-01
 7.00145315491614E-01, 2.12830843241088E-01
 7.50136059603298E-01, 2.55898754526813E-01
 8.00105152330219E-01, 3.07184053299414E-01
 8.50027447818589E-01, 3.78411549105828E-01
 9.00146186977663E-01, 4.59464913376656E-01
 9.50047818724168E-01, 6.04319466668583E-01
 1.00000000000000E+00, 1.00000000000000E+00
"lorenz","province","western_cape", 7.39255505349993E+01,2009, 1, 21
0.0,0.0
 5.05368736625164E-02, 4.79095682610907E-03
 1.00170251496617E-01, 1.16816752928442E-02
 1.51806901193465E-01, 1.97563269323126E-02
 2.01155685632758E-01, 3.00628177677696E-02
 2.50062301566667E-01, 4.04049608205137E-02
 3.00774410867553E-01, 5.56512923515659E-02
 3.52993115445904E-01, 7.14554501417515E-02
 4.00206887222126E-01, 8.62425682316538E-02
 4.50043898605472E-01, 1.02226610943342E-01
 5.00001184675518E-01, 1.22136451109909E-01
 5.50969847182680E-01, 1.44818812819023E-01
 6.00006523741823E-01, 1.67436863077663E-01
 6.50407396213395E-01, 1.96048513722904E-01
 7.00102543386072E-01, 2.21230939887466E-01
 7.50084381196603E-01, 2.54828149857663E-01
 8.00749020980029E-01, 2.87265213894344E-01
 8.50645059193597E-01, 3.59829584731118E-01
 9.00056764180437E-01, 4.35523120041888E-01
 9.50950118897399E-01, 5.71684853173418E-01
 1.00000000000000E+00, 1.00000000000000E+00
"lorenz","province","eastern_cape", 7.11834331879118E+01,2009, 1, 21
0.0,0.0
 5.00088299773266E-02, 3.95375479056883E-03
 1.00054795405935E-01, 1.30767634493118E-02
 1.50219974467075E-01, 2.32125054272146E-02
 2.00717560371013E-01, 3.43820812840255E-02
 2.50689165166097E-01, 4.64158575258387E-02
 3.00563533374195E-01, 5.81036489825307E-02
 3.50145633876884E-01, 7.35858860946553E-02
 4.00386748166938E-01, 9.04343168895859E-02
 4.50315283147093E-01, 1.05862021753324E-01
 5.00260678472353E-01, 1.25407414969950E-01
 5.50673229790351E-01, 1.45403498371944E-01
 6.00530133811050E-01, 1.65434854135934E-01
 6.50231307340301E-01, 1.87391550448621E-01
 7.01653968223031E-01, 2.18093705128136E-01
 7.51104829329038E-01, 2.48891135219992E-01
 8.00019904148146E-01, 2.97302596647615E-01
 8.50081508434133E-01, 3.84451926444154E-01
 9.00295530200052E-01, 4.79471062493166E-01
 9.51757289073226E-01, 6.57973847395032E-01
 1.00000000000000E+00, 1.00000000000000E+00
"lorenz","province","northern_cape", 6.88504606622055E+01,2009, 1, 21
0.0,0.0
 5.00189301949212E-02, 4.79638312828907E-03
 1.00066780194042E-01, 1.30503433615846E-02
 1.50302170770737E-01, 2.07478791140537E-02
 2.00034445623645E-01, 3.19595015861914E-02
 2.50005858849568E-01, 4.40216086442654E-02
 3.01025978791885E-01, 5.76775501846542E-02
 3.50389923349306E-01, 7.39349696604154E-02
 4.00273469561746E-01, 8.98057741727358E-02
 4.50477529923762E-01, 1.07567212693682E-01
 5.00377017265935E-01, 1.33400153273644E-01
 5.50419647908099E-01, 1.59273604435379E-01
 6.00661713654165E-01, 1.84353414938204E-01
 6.50498886314223E-01, 2.17590275747350E-01
 7.00143349647673E-01, 2.59672718886847E-01
 7.51518809853494E-01, 3.05524042206003E-01
 8.01033849097909E-01, 3.61329755572778E-01
 8.50525167396896E-01, 4.47647386751981E-01
 9.00593144982335E-01, 5.28517208190904E-01
 9.50007746192385E-01, 7.47724614979608E-01
 1.00000000000000E+00, 1.00000000000000E+00
"lorenz","province","free_state", 7.15948857200135E+01,2009, 1, 21
0.0,0.0
 5.00402574894102E-02, 3.83386722363856E-03
 1.00051198729295E-01, 1.01336780547832E-02
 1.50020362359680E-01, 1.71458790957345E-02
 2.00077350333264E-01, 2.49788102854107E-02
 2.50319101497840E-01, 3.48671244136461E-02
 3.00406991115647E-01, 4.73478427633514E-02
 3.50265444196428E-01, 5.78593738729075E-02
 4.01073381776368E-01, 7.04347018052362E-02
 4.50142172077167E-01, 8.63955765158980E-02
 5.01336167934019E-01, 1.02248258515708E-01
 5.50435957790867E-01, 1.19165994312738E-01
 6.00340297298338E-01, 1.41391370502844E-01
 6.50137311043280E-01, 1.66625325423053E-01
 7.03445277802418E-01, 1.98689533293165E-01
 7.50684712786604E-01, 2.35832487388522E-01
 8.00465710732629E-01, 2.93065187437593E-01
 8.51527542021788E-01, 3.64703941704507E-01
 9.01990658746317E-01, 4.74250715846308E-01
 9.50208838228198E-01, 6.30510630561922E-01
 1.00000000000000E+00, 1.00000000000000E+00
"lorenz","province","kwazulu_natal", 7.14036653060763E+01,2009, 1, 21
0.0,0.0
 5.00974288978070E-02, 3.73986603806690E-03
 1.00118352446080E-01, 1.11510954201960E-02
 1.50113822210384E-01, 2.02318328149128E-02
 2.00104227780335E-01, 3.07993548344976E-02
 2.50013716737265E-01, 4.24466976340167E-02
 3.00003794045752E-01, 5.47721866376603E-02
 3.50215929323910E-01, 6.91682472447277E-02
 4.00219840787781E-01, 8.39513384532850E-02
 4.50852848709244E-01, 1.00206520229749E-01
 5.00101546280328E-01, 1.20256482953376E-01
 5.50475722699362E-01, 1.43755618733620E-01
 6.00542483416233E-01, 1.72493435135278E-01
 6.50041743367142E-01, 2.01958070193887E-01
 7.00761076665165E-01, 2.32187488989134E-01
 7.50687545748476E-01, 2.80710860367518E-01
 8.01015053970151E-01, 3.37931203631363E-01
 8.50028619544364E-01, 3.97815066700898E-01
 9.01971423956841E-01, 4.67249992327683E-01
 9.50673882831421E-01, 6.02375200754283E-01
 1.00000000000000E+00, 1.00000000000000E+00
"lorenz","province","north_west", 7.00787115142321E+01,2009, 1, 21
0.0,0.0
 5.00762151650375E-02, 2.03221514015200E-03
 1.00236370151109E-01, 7.72121842619604E-03
 1.51286456165732E-01, 1.50906420949928E-02
 2.00172989674197E-01, 2.32523899973795E-02
 2.50929977247297E-01, 3.36852092494756E-02
 3.00873246657585E-01, 4.54656808929890E-02
 3.50294471629065E-01, 5.90950613321613E-02
 4.00926007988929E-01, 6.97778825764877E-02
 4.50193725116685E-01, 8.65815911599854E-02
 5.00342437701283E-01, 1.07437257990425E-01
 5.50248791115641E-01, 1.29242583323223E-01
 6.00390339567454E-01, 1.56161374839221E-01
 6.50834695497234E-01, 1.92891547339587E-01
 7.00403384175171E-01, 2.33905913930947E-01
 7.50310626131481E-01, 2.83142505892449E-01
 8.00493382962950E-01, 3.56304004358601E-01
 8.50753460195816E-01, 4.31140839803835E-01
 9.00154416027345E-01, 5.80176722222211E-01
 9.51122807349381E-01, 7.34013228890832E-01
 1.00000000000000E+00, 1.00000000000000E+00
"lorenz","province","gauteng", 6.76757652874238E+01,2009, 1, 21
0.0,0.0
 5.01497643055844E-02, 2.54220634779029E-03
 1.00022621272667E-01, 8.06484219989283E-03
 1.50517102739893E-01, 1.58444898251525E-02
 2.00206109595435E-01, 2.56221057575670E-02
 2.50192870672464E-01, 3.63995812145612E-02
 3.00266812163390E-01, 4.82987755555359E-02
 3.50870935579173E-01, 6.27911199899283E-02
 4.00879886706956E-01, 7.91597747733476E-02
 4.50913036019404E-01, 9.77263655536802E-02
 5.00026918532848E-01, 1.15738762557887E-01
 5.50560028604038E-01, 1.40273853856802E-01
 6.00369420000380E-01, 1.65313438937583E-01
 6.50152906660500E-01, 2.04123232792982E-01
 7.00009088397754E-01, 2.35118975706071E-01
 7.50160826453315E-01, 2.79304462447600E-01
 8.00331348219781E-01, 3.39889729956376E-01
 8.50951044422298E-01, 4.24458762952357E-01
 9.00321031263617E-01, 5.35009726607821E-01
 9.50766282449572E-01, 6.89195646647023E-01
 1.00000000000000E+00, 1.00000000000000E+00
"lorenz","province","mpumalanga", 6.87564352592073E+01,2009, 1, 21
0.0,0.0
 5.04795520852702E-02, 3.68445861088116E-03
 1.00921934302801E-01, 1.22402198789417E-02
 1.50007092202834E-01, 2.14095036801365E-02
 2.00581735947980E-01, 3.43048478448096E-02
 2.50476331595655E-01, 4.80234331596937E-02
 3.00024646084935E-01, 6.05858247345970E-02
 3.50095152627091E-01, 7.48432923360473E-02
 4.00072361914273E-01, 9.29349478542703E-02
 4.51022897008025E-01, 1.10604721634218E-01
 5.00486226934900E-01, 1.29927020692070E-01
 5.50472933961239E-01, 1.54961380811836E-01
 6.00835493868057E-01, 1.77840379979510E-01
 6.50098103933061E-01, 2.01957010068577E-01
 7.00046158196017E-01, 2.29306879348212E-01
 7.50910886813535E-01, 2.67617913958304E-01
 8.00934255321151E-01, 3.10449988240091E-01
 8.50007613499760E-01, 3.73046537544297E-01
 9.00810849688191E-01, 4.57512173087534E-01
 9.50107637509331E-01, 6.13838308519318E-01
 1.00000000000000E+00, 1.00000000000000E+00
"lorenz","province","limpopo", 6.58733636215370E+01,2009, 1, 21
0.0,0.0
 5.01880092170762E-02, 4.29595471687529E-03
 1.00233706991618E-01, 1.44761126153265E-02
 1.50263962005447E-01, 2.69613562884016E-02
 2.00752971789665E-01, 4.39665727267972E-02
 2.50081782239563E-01, 5.85032070918885E-02
 3.00320092998394E-01, 7.61622325176444E-02
 3.50323918317575E-01, 9.54189113933838E-02
 4.00548974628466E-01, 1.14749433286812E-01
 4.50148343531682E-01, 1.36036129763369E-01
 5.00086907381552E-01, 1.59712528681088E-01
 5.50483949687380E-01, 1.87222296475652E-01
 6.00133654914209E-01, 2.11917360811789E-01
 6.50093447636748E-01, 2.42669348621820E-01
 7.00793621781399E-01, 2.81303217272021E-01
 7.50071843215669E-01, 3.26074026196199E-01
 8.09420202755763E-01, 3.91583861985806E-01
 8.50055371407877E-01, 4.46352407322930E-01
 9.00399719207453E-01, 5.24769460590543E-01
 9.50323410583177E-01, 6.60856015169216E-01
 1.00000000000000E+00, 1.00000000000000E+00
"lorenz","race","african_or_black", 6.22997026272736E+01,2009, 1, 21
0.0,0.0
 5.00081098394732E-02, 5.21448944985666E-03
 1.00059075411965E-01, 1.61003376371424E-02
 1.50003402063999E-01, 2.93314136244586E-02
 2.00040186133803E-01, 4.43367592261101E-02
 2.50019220170029E-01, 6.14908010172238E-02
 3.00005979485700E-01, 7.86952749205425E-02
 3.50024832001443E-01, 9.94899335689668E-02
 4.00072425115432E-01, 1.21410381122223E-01
 4.50041384533365E-01, 1.47051828142236E-01
 5.00082938101610E-01, 1.74662518490934E-01
 5.50068292475309E-01, 2.06021702829891E-01
 6.00117238159637E-01, 2.39572569397993E-01
 6.50020929717935E-01, 2.80844056298649E-01
 7.00026524664275E-01, 3.28030227616157E-01
 7.51205081532180E-01, 3.84161509443459E-01
 8.00006544511044E-01, 4.53758492483334E-01
 8.50025148787767E-01, 5.29471392093630E-01
 9.00169042381243E-01, 6.27685611613628E-01
 9.50016425485248E-01, 7.45722764376747E-01
 1.00000000000000E+00, 1.00000000000000E+00
"lorenz","race","coloured", 6.11943134706198E+01,2009, 1, 21
0.0,0.0
 5.01160022317118E-02, 6.39937748526883E-03
 1.00045221576538E-01, 1.63657399613414E-02
 1.50013302759034E-01, 2.96797545582006E-02
 2.00219312023610E-01, 4.59726941067613E-02
 2.50035052005952E-01, 6.34751692652393E-02
 3.00574057669764E-01, 8.46762306191017E-02
 3.52352840619156E-01, 1.06582243993866E-01
 4.00352053625496E-01, 1.32038940367847E-01
 4.50016149305005E-01, 1.69603163066733E-01
 5.01558107369513E-01, 2.03182258640016E-01
 5.50017315246101E-01, 2.29814393391471E-01
 6.00472086115991E-01, 2.70028725185131E-01
 6.52981954835730E-01, 3.11352773924722E-01
 7.00492813231896E-01, 3.59356928762983E-01
 7.50463987859697E-01, 4.01223121068178E-01
 8.00500339692541E-01, 4.51980633829443E-01
 8.52586765370638E-01, 5.06220351041176E-01
 9.01911961787913E-01, 6.13475714943855E-01
 9.50080109083778E-01, 7.31462695809225E-01
 1.00000000000000E+00, 1.00000000000000E+00
"lorenz","race","indian_or_asian", 5.62159163836689E+01,2009, 1, 21
0.0,0.0
 5.07498750119507E-02, 6.33751508054432E-03
 1.01507249237936E-01, 1.46896161907136E-02
 1.56919475119257E-01, 2.95272358165197E-02
 2.00222526982489E-01, 3.85047350533782E-02
 2.50013213060471E-01, 5.01753637149061E-02
 3.00513252459126E-01, 6.99372218112233E-02
 3.50259151234868E-01, 1.00140916035575E-01
 4.01490253344925E-01, 1.31077814048857E-01
 4.50998107505517E-01, 1.68593658132986E-01
 5.03169430488898E-01, 1.86834682435891E-01
 5.50262296257569E-01, 2.37838052005845E-01
 6.00121060540711E-01, 2.80638097869249E-01
 6.52736183707012E-01, 3.16368842512669E-01
 7.01921686084501E-01, 3.86228385860908E-01
 7.50221955595004E-01, 4.76580769607958E-01
 8.04390524734370E-01, 5.35157870470485E-01
 8.54876334803706E-01, 6.06001183515933E-01
 9.04157839853048E-01, 7.12286818153303E-01
 9.53858853314951E-01, 8.72344489882353E-01
 1.00000000000000E+00, 1.00000000000000E+00
"lorenz","race","white", 5.32707832877043E+01,2009, 1, 21
0.0,0.0
 5.01350036443746E-02, 6.59020313940567E-03
 1.00095881189563E-01, 1.81682530964905E-02
 1.50058480088986E-01, 3.45920761896998E-02
 2.01859286117804E-01, 5.69980103720790E-02
 2.50446744423659E-01, 7.93921628216934E-02
 3.00098558531971E-01, 1.05358726060525E-01
 3.50017643762179E-01, 1.36611987885351E-01
 4.01903737468118E-01, 1.69076453682463E-01
 4.50031364242644E-01, 2.03732132402411E-01
 5.00327498852193E-01, 2.48425020322540E-01
 5.50243797135029E-01, 2.81844680881859E-01
 6.00301593867554E-01, 3.25091774189451E-01
 6.50053014270036E-01, 3.88263027418534E-01
 7.00158482235460E-01, 4.33868231105439E-01
 7.50020251280672E-01, 5.00237265348355E-01
 8.03072825181801E-01, 5.53218100257104E-01
 8.50108990734663E-01, 6.26795089804857E-01
 9.01676354909881E-01, 7.10271400380082E-01
 9.51403181572351E-01, 8.46203880121481E-01
 1.00000000000000E+00, 1.00000000000000E+00
"lorenz","race","other_population_group", 6.65666863020846E+01,2009, 1, 15
0.0,0.0
 8.04494454865344E-02, 2.97661573135219E-03
 1.01982533843048E-01, 5.91664632502575E-03
 1.63438572420137E-01, 1.48648760271724E-02
 2.06037144163598E-01, 4.01763421330067E-02
 2.80624277288910E-01, 6.13721435460970E-02
 3.55271825995280E-01, 8.29526085646539E-02
 3.99375350335823E-01, 1.16235104507013E-01
 5.48106649118448E-01, 1.57170055717888E-01
 7.14055272573699E-01, 2.06829466440634E-01
 7.64405575775749E-01, 2.80600411480598E-01
 8.84050011199039E-01, 3.54478029297403E-01
 9.02151039873399E-01, 4.29666819989857E-01
 9.60687745278255E-01, 6.34064286106217E-01
 1.00000000000000E+00, 1.00000000000000E+00
"lorenz","no_breakdown","no_breakdown", 7.30899581933282E+01,2009, 2, 21
0.0,0.0
 5.00018770972694E-02, 3.18199101891758E-03
 1.00015314879931E-01, 9.28504275703076E-03
 1.50005188838327E-01, 1.65402747158584E-02
 2.00002795041103E-01, 2.50897006782786E-02
 2.50040507103964E-01, 3.42267885454950E-02
 3.00024648459844E-01, 4.49867961204554E-02
 3.50048986145906E-01, 5.67921197965842E-02
 4.00027137398771E-01, 7.07929344898572E-02
 4.50054004405281E-01, 8.58795034638765E-02
 5.00015072436378E-01, 1.03349689544723E-01
 5.50321643502539E-01, 1.24474040615065E-01
 6.00072435405123E-01, 1.48319741811854E-01
 6.50062130364843E-01, 1.76500657839334E-01
 7.00145315491614E-01, 2.12828341163668E-01
 7.50136059603298E-01, 2.55896389344045E-01
 8.00105152330219E-01, 3.07181851130895E-01
 8.50027447818589E-01, 3.78409573339356E-01
 9.00146186977663E-01, 4.59463195244507E-01
 9.50047818724168E-01, 6.04318208967720E-01
 1.00000000000000E+00, 1.00000000000000E+00
"lorenz","province","western_cape", 7.39283588017814E+01,2009, 2, 21
0.0,0.0
 5.05368736625164E-02, 4.79103494101690E-03
 1.00170251496617E-01, 1.16818657585532E-02
 1.50195103225111E-01, 1.91670429688303E-02
 2.01155685632758E-01, 3.00470032746857E-02
 2.50062301566667E-01, 4.03893149525251E-02
 3.00774410867553E-01, 5.56358950697837E-02
 3.52993115445904E-01, 7.14403105413415E-02
 4.00206887222126E-01, 8.62276697301325E-02
 4.50043898605472E-01, 1.02211973056155E-01
 5.00001184675518E-01, 1.22122137845837E-01
 5.50969847182680E-01, 1.44804869383079E-01
 6.00006523741823E-01, 1.67423288421271E-01
 6.50407396213395E-01, 1.96035405569662E-01
 7.00102543386072E-01, 2.21218242325045E-01
 7.50084381196603E-01, 2.54816000086229E-01
 8.00749020980029E-01, 2.87253592998113E-01
 8.50645059193597E-01, 3.59819146972065E-01
 9.00056764180437E-01, 4.35513916439967E-01
 9.50950118897399E-01, 5.71677869641854E-01
 1.00000000000000E+00, 1.00000000000000E+00
"lorenz","province","eastern_cape", 7.11834331879118E+01,2009, 2, 21
0.0,0.0
 5.00088299773266E-02, 3.95375479056883E-03
 1.00054795405935E-01, 1.30767634493118E-02
 1.50219974467075E-01, 2.32125054272146E-02
 2.00717560371013E-01, 3.43820812840255E-02
 2.50689165166097E-01, 4.64158575258387E-02
 3.00563533374195E-01, 5.81036489825307E-02
 3.50145633876884E-01, 7.35858860946553E-02
 4.00386748166938E-01, 9.04343168895859E-02
 4.50315283147093E-01, 1.05862021753324E-01
 5.00260678472353E-01, 1.25407414969950E-01
 5.50673229790351E-01, 1.45403498371944E-01
 6.00530133811050E-01, 1.65434854135934E-01
 6.50231307340301E-01, 1.87391550448621E-01
 7.01653968223031E-01, 2.18093705128136E-01
 7.51104829329038E-01, 2.48891135219992E-01
 8.00019904148146E-01, 2.97302596647615E-01
 8.50081508434133E-01, 3.84451926444154E-01
 9.00295530200052E-01, 4.79471062493166E-01
 9.51757289073226E-01, 6.57973847395032E-01
 1.00000000000000E+00, 1.00000000000000E+00
"lorenz","province","northern_cape", 6.88504606622055E+01,2009, 2, 21
0.0,0.0
 5.00189301949212E-02, 4.79638312828907E-03
 1.00066780194042E-01, 1.30503433615846E-02
 1.50302170770737E-01, 2.07478791140537E-02
 2.00034445623645E-01, 3.19595015861914E-02
 2.50005858849568E-01, 4.40216086442654E-02
 3.01025978791885E-01, 5.76775501846542E-02
 3.50389923349306E-01, 7.39349696604154E-02
 4.00273469561746E-01, 8.98057741727358E-02
 4.50477529923762E-01, 1.07567212693682E-01
 5.00377017265935E-01, 1.33400153273644E-01
 5.50419647908099E-01, 1.59273604435379E-01
 6.00661713654165E-01, 1.84353414938204E-01
 6.50498886314223E-01, 2.17590275747350E-01
 7.00143349647673E-01, 2.59672718886847E-01
 7.51518809853494E-01, 3.05524042206003E-01
 8.01033849097909E-01, 3.61329755572778E-01
 8.50525167396896E-01, 4.47647386751981E-01
 9.00593144982335E-01, 5.28517208190904E-01
 9.50007746192385E-01, 7.47724614979608E-01
 1.00000000000000E+00, 1.00000000000000E+00
"lorenz","province","free_state", 7.15948857200135E+01,2009, 2, 21
0.0,0.0
 5.00402574894102E-02, 3.83386722363856E-03
 1.00051198729295E-01, 1.01336780547832E-02
 1.50020362359680E-01, 1.71458790957345E-02
 2.00077350333264E-01, 2.49788102854107E-02
 2.50319101497840E-01, 3.48671244136461E-02
 3.00406991115647E-01, 4.73478427633514E-02
 3.50265444196428E-01, 5.78593738729075E-02
 4.01073381776368E-01, 7.04347018052362E-02
 4.50142172077167E-01, 8.63955765158980E-02
 5.01336167934019E-01, 1.02248258515708E-01
 5.50435957790867E-01, 1.19165994312738E-01
 6.00340297298338E-01, 1.41391370502844E-01
 6.50137311043280E-01, 1.66625325423053E-01
 7.03445277802418E-01, 1.98689533293165E-01
 7.50684712786604E-01, 2.35832487388522E-01
 8.00465710732629E-01, 2.93065187437593E-01
 8.51527542021788E-01, 3.64703941704507E-01
 9.01990658746317E-01, 4.74250715846308E-01
 9.50208838228198E-01, 6.30510630561922E-01
 1.00000000000000E+00, 1.00000000000000E+00
"lorenz","province","kwazulu_natal", 7.14036653060763E+01,2009, 2, 21
0.0,0.0
 5.00974288978070E-02, 3.73986603806690E-03
 1.00118352446080E-01, 1.11510954201960E-02
 1.50113822210384E-01, 2.02318328149128E-02
 2.00104227780335E-01, 3.07993548344976E-02
 2.50013716737265E-01, 4.24466976340167E-02
 3.00003794045752E-01, 5.47721866376603E-02
 3.50215929323910E-01, 6.91682472447277E-02
 4.00219840787781E-01, 8.39513384532850E-02
 4.50852848709244E-01, 1.00206520229749E-01
 5.00101546280328E-01, 1.20256482953376E-01
 5.50475722699362E-01, 1.43755618733620E-01
 6.00542483416233E-01, 1.72493435135278E-01
 6.50041743367142E-01, 2.01958070193887E-01
 7.00761076665165E-01, 2.32187488989134E-01
 7.50687545748476E-01, 2.80710860367518E-01
 8.01015053970151E-01, 3.37931203631363E-01
 8.50028619544364E-01, 3.97815066700898E-01
 9.01971423956841E-01, 4.67249992327683E-01
 9.50673882831421E-01, 6.02375200754283E-01
 1.00000000000000E+00, 1.00000000000000E+00
"lorenz","province","north_west", 7.00787115142321E+01,2009, 2, 21
0.0,0.0
 5.00762151650375E-02, 2.03221514015200E-03
 1.00236370151109E-01, 7.72121842619604E-03
 1.51286456165732E-01, 1.50906420949928E-02
 2.00172989674197E-01, 2.32523899973795E-02
 2.50929977247297E-01, 3.36852092494756E-02
 3.00873246657585E-01, 4.54656808929890E-02
 3.50294471629065E-01, 5.90950613321613E-02
 4.00926007988929E-01, 6.97778825764877E-02
 4.50193725116685E-01, 8.65815911599854E-02
 5.00342437701283E-01, 1.07437257990425E-01
 5.50248791115641E-01, 1.29242583323223E-01
 6.00390339567454E-01, 1.56161374839221E-01
 6.50834695497234E-01, 1.92891547339587E-01
 7.00403384175171E-01, 2.33905913930947E-01
 7.50310626131481E-01, 2.83142505892449E-01
 8.00493382962950E-01, 3.56304004358601E-01
 8.50753460195816E-01, 4.31140839803835E-01
 9.00154416027345E-01, 5.80176722222211E-01
 9.51122807349381E-01, 7.34013228890832E-01
 1.00000000000000E+00, 1.00000000000000E+00
"lorenz","province","gauteng", 6.76757652874238E+01,2009, 2, 21
0.0,0.0
 5.01497643055844E-02, 2.54220634779029E-03
 1.00022621272667E-01, 8.06484219989283E-03
 1.50517102739893E-01, 1.58444898251525E-02
 2.00206109595435E-01, 2.56221057575670E-02
 2.50192870672464E-01, 3.63995812145612E-02
 3.00266812163390E-01, 4.82987755555359E-02
 3.50870935579173E-01, 6.27911199899283E-02
 4.00879886706956E-01, 7.91597747733476E-02
 4.50913036019404E-01, 9.77263655536802E-02
 5.00026918532848E-01, 1.15738762557887E-01
 5.50560028604038E-01, 1.40273853856802E-01
 6.00369420000380E-01, 1.65313438937583E-01
 6.50152906660500E-01, 2.04123232792982E-01
 7.00009088397754E-01, 2.35118975706071E-01
 7.50160826453315E-01, 2.79304462447600E-01
 8.00331348219781E-01, 3.39889729956376E-01
 8.50951044422298E-01, 4.24458762952357E-01
 9.00321031263617E-01, 5.35009726607821E-01
 9.50766282449572E-01, 6.89195646647023E-01
 1.00000000000000E+00, 1.00000000000000E+00
"lorenz","province","mpumalanga", 6.87564352592073E+01,2009, 2, 21
0.0,0.0
 5.04795520852702E-02, 3.68445861088116E-03
 1.00921934302801E-01, 1.22402198789417E-02
 1.50007092202834E-01, 2.14095036801365E-02
 2.00581735947980E-01, 3.43048478448096E-02
 2.50476331595655E-01, 4.80234331596937E-02
 3.00024646084935E-01, 6.05858247345970E-02
 3.50095152627091E-01, 7.48432923360473E-02
 4.00072361914273E-01, 9.29349478542703E-02
 4.51022897008025E-01, 1.10604721634218E-01
 5.00486226934900E-01, 1.29927020692070E-01
 5.50472933961239E-01, 1.54961380811836E-01
 6.00835493868057E-01, 1.77840379979510E-01
 6.50098103933061E-01, 2.01957010068577E-01
 7.00046158196017E-01, 2.29306879348212E-01
 7.50910886813535E-01, 2.67617913958304E-01
 8.00934255321151E-01, 3.10449988240091E-01
 8.50007613499760E-01, 3.73046537544297E-01
 9.00810849688191E-01, 4.57512173087534E-01
 9.50107637509331E-01, 6.13838308519318E-01
 1.00000000000000E+00, 1.00000000000000E+00
"lorenz","province","limpopo", 6.58733636215370E+01,2009, 2, 21
0.0,0.0
 5.01880092170762E-02, 4.29595471687529E-03
 1.00233706991618E-01, 1.44761126153265E-02
 1.50263962005447E-01, 2.69613562884016E-02
 2.00752971789665E-01, 4.39665727267972E-02
 2.50081782239563E-01, 5.85032070918885E-02
 3.00320092998394E-01, 7.61622325176444E-02
 3.50323918317575E-01, 9.54189113933838E-02
 4.00548974628466E-01, 1.14749433286812E-01
 4.50148343531682E-01, 1.36036129763369E-01
 5.00086907381552E-01, 1.59712528681088E-01
 5.50483949687380E-01, 1.87222296475652E-01
 6.00133654914209E-01, 2.11917360811789E-01
 6.50093447636748E-01, 2.42669348621820E-01
 7.00793621781399E-01, 2.81303217272021E-01
 7.50071843215669E-01, 3.26074026196199E-01
 8.09420202755763E-01, 3.91583861985806E-01
 8.50055371407877E-01, 4.46352407322930E-01
 9.00399719207453E-01, 5.24769460590543E-01
 9.50323410583177E-01, 6.60856015169216E-01
 1.00000000000000E+00, 1.00000000000000E+00
"lorenz","race","african_or_black", 6.23009633722525E+01,2009, 2, 21
0.0,0.0
 5.00081098394732E-02, 5.21453212856290E-03
 1.00059075411965E-01, 1.61004694125706E-02
 1.50003402063999E-01, 2.93316536914485E-02
 2.00040186133803E-01, 4.43371221064153E-02
 2.50019220170029E-01, 6.14913042971439E-02
 3.00036207260848E-01, 7.85751623241453E-02
 3.50064079545210E-01, 9.93680584218552E-02
 4.00072425115432E-01, 1.21403190184622E-01
 4.50041384533365E-01, 1.47044847070586E-01
 5.00082938101610E-01, 1.74655763402777E-01
 5.50068292475309E-01, 2.06015204405293E-01
 6.00117238159637E-01, 2.39566345575078E-01
 6.50020929717935E-01, 2.80838170267896E-01
 7.00026524664275E-01, 3.28024727787114E-01
 7.51205081532180E-01, 3.84156469028613E-01
 8.00006544511044E-01, 4.53754021694571E-01
 8.50025148787767E-01, 5.29467540987509E-01
 9.00169042381243E-01, 6.27682564355298E-01
 9.50016425485248E-01, 7.45720683209732E-01
 1.00000000000000E+00, 1.00000000000000E+00
"lorenz","race","coloured", 6.11943134706198E+01,2009, 2, 21
0.0,0.0
 5.01160022317118E-02, 6.39937748526883E-03
 1.00045221576538E-01, 1.63657399613414E-02
 1.50013302759034E-01, 2.96797545582006E-02
 2.00219312023610E-01, 4.59726941067613E-02
 2.50035052005952E-01, 6.34751692652393E-02
 3.00574057669764E-01, 8.46762306191017E-02
 3.52352840619156E-01, 1.06582243993866E-01
 4.00352053625496E-01, 1.32038940367847E-01
 4.50016149305005E-01, 1.69603163066733E-01
 5.01558107369513E-01, 2.03182258640016E-01
 5.50017315246101E-01, 2.29814393391471E-01
 6.00472086115991E-01, 2.70028725185131E-01
 6.52981954835730E-01, 3.11352773924722E-01
 7.00492813231896E-01, 3.59356928762983E-01
 7.50463987859697E-01, 4.01223121068178E-01
 8.00500339692541E-01, 4.51980633829443E-01
 8.52586765370638E-01, 5.06220351041176E-01
 9.01911961787913E-01, 6.13475714943855E-01
 9.50080109083778E-01, 7.31462695809225E-01
 1.00000000000000E+00, 1.00000000000000E+00
"lorenz","race","indian_or_asian", 5.62159163836689E+01,2009, 2, 21
0.0,0.0
 5.07498750119507E-02, 6.33751508054432E-03
 1.01507249237936E-01, 1.46896161907136E-02
 1.56919475119257E-01, 2.95272358165197E-02
 2.00222526982489E-01, 3.85047350533782E-02
 2.50013213060471E-01, 5.01753637149061E-02
 3.00513252459126E-01, 6.99372218112233E-02
 3.50259151234868E-01, 1.00140916035575E-01
 4.01490253344925E-01, 1.31077814048857E-01
 4.50998107505517E-01, 1.68593658132986E-01
 5.03169430488898E-01, 1.86834682435891E-01
 5.50262296257569E-01, 2.37838052005845E-01
 6.00121060540711E-01, 2.80638097869249E-01
 6.52736183707012E-01, 3.16368842512669E-01
 7.01921686084501E-01, 3.86228385860908E-01
 7.50221955595004E-01, 4.76580769607958E-01
 8.04390524734370E-01, 5.35157870470485E-01
 8.54876334803706E-01, 6.06001183515933E-01
 9.04157839853048E-01, 7.12286818153303E-01
 9.53858853314951E-01, 8.72344489882353E-01
 1.00000000000000E+00, 1.00000000000000E+00
"lorenz","race","white", 5.32707832877043E+01,2009, 2, 21
0.0,0.0
 5.01350036443746E-02, 6.59020313940567E-03
 1.00095881189563E-01, 1.81682530964905E-02
 1.50058480088986E-01, 3.45920761896998E-02
 2.01859286117804E-01, 5.69980103720790E-02
 2.50446744423659E-01, 7.93921628216934E-02
 3.00098558531971E-01, 1.05358726060525E-01
 3.50017643762179E-01, 1.36611987885351E-01
 4.01903737468118E-01, 1.69076453682463E-01
 4.50031364242644E-01, 2.03732132402411E-01
 5.00327498852193E-01, 2.48425020322540E-01
 5.50243797135029E-01, 2.81844680881859E-01
 6.00301593867554E-01, 3.25091774189451E-01
 6.50053014270036E-01, 3.88263027418534E-01
 7.00158482235460E-01, 4.33868231105439E-01
 7.50020251280672E-01, 5.00237265348355E-01
 8.03072825181801E-01, 5.53218100257104E-01
 8.50108990734663E-01, 6.26795089804857E-01
 9.01676354909881E-01, 7.10271400380082E-01
 9.51403181572351E-01, 8.46203880121481E-01
 1.00000000000000E+00, 1.00000000000000E+00
"lorenz","race","other_population_group", 6.65666863020846E+01,2009, 2, 15
0.0,0.0
 8.04494454865344E-02, 2.97661573135219E-03
 1.01982533843048E-01, 5.91664632502575E-03
 1.63438572420137E-01, 1.48648760271724E-02
 2.06037144163598E-01, 4.01763421330067E-02
 2.80624277288910E-01, 6.13721435460970E-02
 3.55271825995280E-01, 8.29526085646539E-02
 3.99375350335823E-01, 1.16235104507013E-01
 5.48106649118448E-01, 1.57170055717888E-01
 7.14055272573699E-01, 2.06829466440634E-01
 7.64405575775749E-01, 2.80600411480598E-01
 8.84050011199039E-01, 3.54478029297403E-01
 9.02151039873399E-01, 4.29666819989857E-01
 9.60687745278255E-01, 6.34064286106217E-01
 1.00000000000000E+00, 1.00000000000000E+00
